productId,productName,brand,category,imageUrl,verified
"0012a1da-966a-421c-95c4-2f1ed18daa9d","iPhone 17 Pro Max","Apple","Smartphones","https://images.unsplash.com/photo-1511707171634-5f897ff02aa9?auto=format&fit=crop&w=800&q=80&item=APP-01000-nyy1",true
"a921ba56-4826-407c-ae86-caa0d05ae2b2","iPhone 17 Pro","Apple","Smartphones","https://images.unsplash.com/photo-1511707171634-5f897ff02aa9?auto=format&fit=crop&w=800&q=80&item=APP-01001-jp2x",true
"3c836561-fa2f-4dbe-87cf-d2ede4789835","iPhone 16e","Apple","Smartphones","https://images.unsplash.com/photo-1511707171634-5f897ff02aa9?auto=format&fit=crop&w=800&q=80&item=APP-01002-s72v",true
"2322f90f-fd1d-4827-a50b-5b9e6690bb7d","Samsung Galaxy S26 Ultra","Samsung","Smartphones","https://images.unsplash.com/photo-1511707171634-5f897ff02aa9?auto=format&fit=crop&w=800&q=80&item=SAM-01003-d85x",true
"1a688773-fa9e-4bdc-b2e4-494d4f056c82","Samsung Galaxy S26+","Samsung","Smartphones","https://images.unsplash.com/photo-1511707171634-5f897ff02aa9?auto=format&fit=crop&w=800&q=80&item=SAM-01004-kn4o",true
"7f0598c7-0dcc-4633-a530-7e59d77205aa","Samsung Galaxy Z Fold 7","Samsung","Smartphones","https://images.unsplash.com/photo-1511707171634-5f897ff02aa9?auto=format&fit=crop&w=800&q=80&item=SAM-01005-7pn5",true
"f1e67cdc-f2d7-4d8c-a0b8-5ea9b878be60","Google Pixel 10 Pro XL","Google","Smartphones","https://images.unsplash.com/photo-1511707171634-5f897ff02aa9?auto=format&fit=crop&w=800&q=80&item=GOO-01006-c0vi",true
"3d2193a9-378b-4200-9c3d-4f0ec8950223","Google Pixel 10 Pro","Google","Smartphones","https://images.unsplash.com/photo-1511707171634-5f897ff02aa9?auto=format&fit=crop&w=800&q=80&item=GOO-01007-36xx",true
"313a90f5-659e-400c-bd12-ee38feb096d5","OnePlus 13","OnePlus","Smartphones","https://images.unsplash.com/photo-1511707171634-5f897ff02aa9?auto=format&fit=crop&w=800&q=80&item=ONE-01008-57w4",true
"626b209a-66e1-4547-968d-81232a318c2a","Xiaomi 16 Pro","Xiaomi","Smartphones","https://images.unsplash.com/photo-1511707171634-5f897ff02aa9?auto=format&fit=crop&w=800&q=80&item=XIA-01009-r9j7",true
"49d27af6-bf2a-4ddc-99c0-74cd7036f35d","Dell Inspiron 15","Dell","Laptops","https://images.unsplash.com/photo-1517336714731-489689fd1ca8?auto=format&fit=crop&w=800&q=80&item=DEL-01031-e1p2",true
"cebe2d74-15cf-4182-82af-ec0c59ba4ae0","Sony WH-1000XM6","Sony","Headphones","https://images.unsplash.com/photo-1505740420928-5e560c06d30e?auto=format&fit=crop&w=800&q=80&item=SON-01032-ucp6",true
"87b0731c-f002-415b-9d79-c490881563d3","Sony WH-1000XM5","Sony","Headphones","https://images.unsplash.com/photo-1505740420928-5e560c06d30e?auto=format&fit=crop&w=800&q=80&item=SON-01033-z6ko",true
"ab6e8466-9c45-4905-82da-40e596302b17","Nothing Phone 3","Nothing","Smartphones","https://images.unsplash.com/photo-1511707171634-5f897ff02aa9?auto=format&fit=crop&w=800&q=80&item=NOT-01010-9mf3",true
"29d6192c-270b-4ea6-8274-31fface31d2d","Realme GT 7 Pro","Realme","Smartphones","https://images.unsplash.com/photo-1511707171634-5f897ff02aa9?auto=format&fit=crop&w=800&q=80&item=REA-01011-yxpc",true
"e47d816a-6700-443b-bd87-01d43cfc281c","Vivo X200 Pro","Vivo","Smartphones","https://images.unsplash.com/photo-1511707171634-5f897ff02aa9?auto=format&fit=crop&w=800&q=80&item=VIV-01012-oz46",true
"e9d59455-6196-47dc-ae2e-d50250bc6a6e","Non-Stick Tawa","Generic","Cookware","https://images.unsplash.com/photo-1584992236310-6edddc08acff?auto=format&fit=crop&w=800&q=80&item=GEN-01140-5a0c",true
"94266190-86c6-49ea-ba2b-99a896dcef71","MacBook Pro 16-inch","Apple","Laptops","https://images.unsplash.com/photo-1517336714731-489689fd1ca8?auto=format&fit=crop&w=800&q=80&item=APP-01016-k11c",true
"1a2159ec-7db4-4462-81fe-0e19082573ce","Honor Magic 7 Pro","Generic","Smartphones","https://images.unsplash.com/photo-1511707171634-5f897ff02aa9?auto=format&fit=crop&w=800&q=80&item=GEN-01015-rpbl",true
"7a966991-4211-481f-a22c-fb588068a435","OPPO Find N5","Oppo","Smartphones","https://images.unsplash.com/photo-1511707171634-5f897ff02aa9?auto=format&fit=crop&w=800&q=80&item=OPP-01013-hbky",true
"50a567c0-bf95-428e-acad-ce6eedff5d04","MacBook Pro 14-inch","Apple","Laptops","https://images.unsplash.com/photo-1517336714731-489689fd1ca8?auto=format&fit=crop&w=800&q=80&item=APP-01017-o7px",true
"2e3df242-fe81-4873-beb0-01e373421615","Motorola Edge 60 Pro","Motorola","Smartphones","https://images.unsplash.com/photo-1511707171634-5f897ff02aa9?auto=format&fit=crop&w=800&q=80&item=MOT-01014-bo4k",true
"009d049e-40a6-46c4-a3b5-9c3928498ff8","Sony MDR-7506","Sony","Headphones","https://images.unsplash.com/photo-1505740420928-5e560c06d30e?auto=format&fit=crop&w=800&q=80&item=SON-01034-zyra",true
"b263022e-aa4f-4cc9-ad11-6bf978cfb38d","Anker Soundcore Space One","Anker","Headphones","https://images.unsplash.com/photo-1505740420928-5e560c06d30e?auto=format&fit=crop&w=800&q=80&item=ANK-01045-q8ia",true
"8c614ef4-e87f-4e72-a64d-c0a92b075ab2","Sony MDR-ZX110","Sony","Headphones","https://images.unsplash.com/photo-1505740420928-5e560c06d30e?auto=format&fit=crop&w=800&q=80&item=SON-01046-i7s5",true
"b7345240-a83a-494d-a1f6-b8364ac48129","Dell XPS 16","Dell","Laptops","https://images.unsplash.com/photo-1517336714731-489689fd1ca8?auto=format&fit=crop&w=800&q=80&item=DEL-01020-be1u",true
"3bc539c0-0f35-4207-8dc5-ff49b130d097","MacBook Air 15-inch","Apple","Laptops","https://images.unsplash.com/photo-1517336714731-489689fd1ca8?auto=format&fit=crop&w=800&q=80&item=APP-01018-k0zd",true
"ace32e62-ad57-4d8f-aa38-3e7433925b22","Dell XPS 14","Dell","Laptops","https://images.unsplash.com/photo-1517336714731-489689fd1ca8?auto=format&fit=crop&w=800&q=80&item=DEL-01021-ngfo",true
"2e68f07a-9c1f-447b-bdeb-b3f6954c6665","Lenovo ThinkPad X1 Carbon","Lenovo","Laptops","https://images.unsplash.com/photo-1517336714731-489689fd1ca8?auto=format&fit=crop&w=800&q=80&item=LEN-01022-dorl",true
"5b0cff9a-eff9-4dfb-b027-68e057343efe","MacBook Air 13-inch","Apple","Laptops","https://images.unsplash.com/photo-1517336714731-489689fd1ca8?auto=format&fit=crop&w=800&q=80&item=APP-01019-jrbt",true
"64fa5211-36c1-4199-b408-871ffaec2876","Acer Swift 5","Acer","Laptops","https://images.unsplash.com/photo-1517336714731-489689fd1ca8?auto=format&fit=crop&w=800&q=80&item=ACE-01026-sezr",true
"364703ac-72ad-421f-a948-7e547fa8c952","JBL Tune 770NC","JBL","Headphones","https://images.unsplash.com/photo-1505740420928-5e560c06d30e?auto=format&fit=crop&w=800&q=80&item=JBL-01039-5mjp",true
"2840e2ed-fead-45bc-ab4c-fb9741a53257","ASUS ROG Zephyrus G16","ASUS","Laptops","https://images.unsplash.com/photo-1517336714731-489689fd1ca8?auto=format&fit=crop&w=800&q=80&item=ASU-01024-pg3x",true
"f5fb6a32-990f-4326-af02-95fdcbc6fdc8","HP Spectre x360","HP","Laptops","https://images.unsplash.com/photo-1517336714731-489689fd1ca8?auto=format&fit=crop&w=800&q=80&item=HP-01023-t1a6",true
"bb732575-aa4b-4fdd-a497-a317bf640154","ASUS Zenbook 14","ASUS","Laptops","https://images.unsplash.com/photo-1517336714731-489689fd1ca8?auto=format&fit=crop&w=800&q=80&item=ASU-01025-ldx0",true
"70b59ccf-48ed-4bf5-beac-13312596973a","Microsoft Surface Laptop 7","Microsoft","Laptops","https://images.unsplash.com/photo-1517336714731-489689fd1ca8?auto=format&fit=crop&w=800&q=80&item=MIC-01027-t630",true
"c0789d9d-5eda-4077-88c2-e080d091cd33","Samsung Galaxy Book4 Ultra","Samsung","Laptops","https://images.unsplash.com/photo-1517336714731-489689fd1ca8?auto=format&fit=crop&w=800&q=80&item=SAM-01028-6s2n",true
"e06f96dc-6009-4345-8ffc-c6a54693015c","Lenovo IdeaPad Slim 5","Lenovo","Laptops","https://images.unsplash.com/photo-1517336714731-489689fd1ca8?auto=format&fit=crop&w=800&q=80&item=LEN-01029-l254",true
"ba1f4e53-74d4-47cf-b0de-4d54ed8cf094","HP Pavilion 15","Generic","Laptops","https://images.unsplash.com/photo-1517336714731-489689fd1ca8?auto=format&fit=crop&w=800&q=80&item=GEN-01030-7514",true
"e8ef7740-1c73-4c89-87b6-b2ae6a3e0d4c","JBL Quantum 910X","JBL","Headphones","https://images.unsplash.com/photo-1505740420928-5e560c06d30e?auto=format&fit=crop&w=800&q=80&item=JBL-01040-r0ae",true
"1d871027-d3ac-460d-96ff-a97d1e627f1d","Apple Watch Ultra 3","Apple","Smartwatches","https://images.unsplash.com/photo-1523275335684-37898b6baf30?auto=format&fit=crop&w=800&q=80&item=APP-01048-ugtg",true
"58c521d9-f503-41dd-8542-b232bf6b2b58","Apple Watch Series 11","Apple","Smartwatches","https://images.unsplash.com/photo-1523275335684-37898b6baf30?auto=format&fit=crop&w=800&q=80&item=APP-01049-5te3",true
"a3d11064-c8f1-4f06-bfcc-8d6413f35212","Google Pixel Watch 4","Google","Smartwatches","https://images.unsplash.com/photo-1523275335684-37898b6baf30?auto=format&fit=crop&w=800&q=80&item=GOO-01052-j0dx",true
"ed40be24-fb57-49b7-9300-b05840854bbc","Idli Steamer","Generic","Cookware","https://images.unsplash.com/photo-1584992236310-6edddc08acff?auto=format&fit=crop&w=800&q=80&item=GEN-01141-q97e",true
"2344d58f-a950-4beb-ad0f-a3f8a152a193","Bose QuietComfort Ultra","Bose","Headphones","https://images.unsplash.com/photo-1505740420928-5e560c06d30e?auto=format&fit=crop&w=800&q=80&item=BOS-01035-chxb",true
"27280a2b-f38a-454c-81ad-0c5fb4068d37","Velvet Sofa","Generic","Sofas & Beds","https://images.unsplash.com/photo-1555041469-a586c61ea9bc?auto=format&fit=crop&w=800&q=80&item=GEN-01146-7y6b",true
"1be71233-27e1-4209-8333-b7138b5bcc9b","Leather Sofa","Generic","Sofas & Beds","https://images.unsplash.com/photo-1555041469-a586c61ea9bc?auto=format&fit=crop&w=800&q=80&item=GEN-01147-w1ul",true
"36839d04-9a67-4180-a06f-07a436f25e5a","Apple AirPods Max","Apple","Headphones","https://images.unsplash.com/photo-1505740420928-5e560c06d30e?auto=format&fit=crop&w=800&q=80&item=APP-01037-8h2a",true
"4b6eed79-a87c-425d-91e3-058988b41dd1","Bose QuietComfort 45","Bose","Headphones","https://images.unsplash.com/photo-1505740420928-5e560c06d30e?auto=format&fit=crop&w=800&q=80&item=BOS-01036-wesg",true
"da95b43a-4c16-4d42-a0d1-ffef8c447b46","Sennheiser Momentum 4","HP","Headphones","https://images.unsplash.com/photo-1505740420928-5e560c06d30e?auto=format&fit=crop&w=800&q=80&item=HP-01038-bl09",true
"fc17c83f-b161-4833-855b-5dea5f638974","Audio-Technica ATH-M50x","Audio-Technica","Headphones","https://images.unsplash.com/photo-1505740420928-5e560c06d30e?auto=format&fit=crop&w=800&q=80&item=AUD-01041-cb3e",true
"7fc030a8-97e6-4e61-863c-cbc88f0d6e00","Beats Studio Pro","Beats","Headphones","https://images.unsplash.com/photo-1505740420928-5e560c06d30e?auto=format&fit=crop&w=800&q=80&item=BEA-01042-x2ms",true
"c72d4f41-2c4c-4bd5-afc4-d999ac7a00c3","Wooden King Bed","Generic","Sofas & Beds","https://images.unsplash.com/photo-1555041469-a586c61ea9bc?auto=format&fit=crop&w=800&q=80&item=GEN-01158-s75o",true
"6a013c00-9250-4696-ad3a-23e6a00c0686","Storage Bed","Generic","Sofas & Beds","https://images.unsplash.com/photo-1555041469-a586c61ea9bc?auto=format&fit=crop&w=800&q=80&item=GEN-01159-ha9i",true
"36a6245c-17f2-4893-9869-aa28d5672987","Skullcandy Crusher ANC 2","Generic","Headphones","https://images.unsplash.com/photo-1505740420928-5e560c06d30e?auto=format&fit=crop&w=800&q=80&item=GEN-01043-w6q3",true
"098e57ca-32e3-4e40-975d-c9a756cf7d7f","Marshall Major V","Marshall","Headphones","https://images.unsplash.com/photo-1505740420928-5e560c06d30e?auto=format&fit=crop&w=800&q=80&item=MAR-01044-5jnx",true
"0848885a-4dd3-4d6b-bda5-11fb269f2a53","Bose Headphones 700","Bose","Headphones","https://images.unsplash.com/photo-1505740420928-5e560c06d30e?auto=format&fit=crop&w=800&q=80&item=BOS-01047-rlb6",true
"15514a09-8939-4fe5-a1dd-fc1dca741090","Samsung Galaxy Watch 8","Samsung","Smartwatches","https://images.unsplash.com/photo-1523275335684-37898b6baf30?auto=format&fit=crop&w=800&q=80&item=SAM-01050-ihcu",true
"d18c720c-10a7-4659-833f-f75b52fa3495","Samsung Galaxy Watch 8 Classic","Samsung","Smartwatches","https://images.unsplash.com/photo-1523275335684-37898b6baf30?auto=format&fit=crop&w=800&q=80&item=SAM-01051-kk2t",true
"64bef4b0-2d21-4484-92cf-1cac13601714","Garmin Forerunner 965","Garmin","Smartwatches","https://images.unsplash.com/photo-1523275335684-37898b6baf30?auto=format&fit=crop&w=800&q=80&item=GAR-01053-721f",true
"6502a78e-aed5-4493-ae6d-17552e5414d1","Garmin Venu 3","Garmin","Smartwatches","https://images.unsplash.com/photo-1523275335684-37898b6baf30?auto=format&fit=crop&w=800&q=80&item=GAR-01054-6uaf",true
"927bd1b6-31bb-4e6a-8bab-fdf901fdfc47","Fitbit Sense 3","Generic","Smartwatches","https://images.unsplash.com/photo-1523275335684-37898b6baf30?auto=format&fit=crop&w=800&q=80&item=GEN-01056-g5qk",true
"576f776c-4af9-4536-b63f-b90a617d8b8f","Garmin Fenix 8","Garmin","Smartwatches","https://images.unsplash.com/photo-1523275335684-37898b6baf30?auto=format&fit=crop&w=800&q=80&item=GAR-01055-ucqe",true
"e450be66-b225-4e58-bfd8-5491d2694f08","Fitbit Charge 7","Generic","Smartwatches","https://images.unsplash.com/photo-1523275335684-37898b6baf30?auto=format&fit=crop&w=800&q=80&item=GEN-01057-uxdb",true
"f6586396-d065-4c1b-a82b-4c24eda192ef","Amazfit GTR 5","Amazfit","Smartwatches","https://images.unsplash.com/photo-1523275335684-37898b6baf30?auto=format&fit=crop&w=800&q=80&item=AMA-01058-vv40",true
"90d1a0bd-85aa-40fb-8542-579e500a65e8","Amazfit Bip 6","Amazfit","Smartwatches","https://images.unsplash.com/photo-1523275335684-37898b6baf30?auto=format&fit=crop&w=800&q=80&item=AMA-01059-wt70",true
"148fed2a-c328-47cf-833d-dc6da0def3ee","Slim Fit T-Shirt","Generic","Men Apparel","https://images.unsplash.com/photo-1521572267360-ee0c2909d518?auto=format&fit=crop&w=800&q=80&item=GEN-01071-03b6",true
"af5b6bef-2e65-4a21-8e21-6a8c214053c5","New Balance Fresh Foam","Generic","Running Shoes","https://images.unsplash.com/photo-1542291026-7eec264c27ff?auto=format&fit=crop&w=800&q=80&item=GEN-01099-iduw",true
"9b720cf0-88da-47ab-b926-9edabbc10713","OnePlus Watch 3","OnePlus","Smartwatches","https://images.unsplash.com/photo-1523275335684-37898b6baf30?auto=format&fit=crop&w=800&q=80&item=ONE-01060-q4cd",true
"8972170b-9ceb-4d5e-8524-fd37b66d03c8","boAt Storm Call 4","Generic","Smartwatches","https://images.unsplash.com/photo-1523275335684-37898b6baf30?auto=format&fit=crop&w=800&q=80&item=GEN-01062-j0aj",true
"810d4762-6ef4-435a-a863-1e48936e1377","Huawei Watch GT 5","Generic","Smartwatches","https://images.unsplash.com/photo-1523275335684-37898b6baf30?auto=format&fit=crop&w=800&q=80&item=GEN-01061-pv5s",true
"9eec2e8f-0709-4002-a527-8db0adc5b4bd","Noise ColorFit Pro 6","Generic","Smartwatches","https://images.unsplash.com/photo-1523275335684-37898b6baf30?auto=format&fit=crop&w=800&q=80&item=GEN-01063-faf0",true
"32aadb64-7816-4e6e-8a8b-800ab957934c","Classic White T-Shirt","Generic","Men Apparel","https://images.unsplash.com/photo-1521572267360-ee0c2909d518?auto=format&fit=crop&w=800&q=80&item=GEN-01064-004s",true
"981f90d0-7d7a-4fd6-895e-ef7a2c6b9382","Denim Shirt","Generic","Men Apparel","https://images.unsplash.com/photo-1521572267360-ee0c2909d518?auto=format&fit=crop&w=800&q=80&item=GEN-01079-bxxf",true
"cb9a7787-5fdd-4ecd-a57d-ca4593ca56f0","Brooks Ghost","Generic","Running Shoes","https://images.unsplash.com/photo-1542291026-7eec264c27ff?auto=format&fit=crop&w=800&q=80&item=GEN-01100-0eff",true
"99d3d3aa-5f49-4316-98b8-1e5565efd506","Oversized Black T-Shirt","Generic","Men Apparel","https://images.unsplash.com/photo-1521572267360-ee0c2909d518?auto=format&fit=crop&w=800&q=80&item=GEN-01065-jhlz",true
"86ec11de-3bf5-43c5-b538-05b73e6bb60d","Polo T-Shirt","Generic","Men Apparel","https://images.unsplash.com/photo-1521572267360-ee0c2909d518?auto=format&fit=crop&w=800&q=80&item=GEN-01066-75mw",true
"330ff03c-612b-48c5-9355-f1f868c2626c","Hoka Clifton","Generic","Running Shoes","https://images.unsplash.com/photo-1542291026-7eec264c27ff?auto=format&fit=crop&w=800&q=80&item=GEN-01101-ljax",true
"ef5cffa7-ca04-40e7-81f8-e30db3a3b38e","Puma Velocity Nitro","Puma","Running Shoes","https://images.unsplash.com/photo-1542291026-7eec264c27ff?auto=format&fit=crop&w=800&q=80&item=PUM-01102-vorj",true
"51c9828e-915d-4fa7-b079-9259074dd911","Saucony Ride","Generic","Running Shoes","https://images.unsplash.com/photo-1542291026-7eec264c27ff?auto=format&fit=crop&w=800&q=80&item=GEN-01103-liqk",true
"ca1773ed-09c7-4579-92d2-e028cae9bcd1","Under Armour HOVR","Generic","Running Shoes","https://images.unsplash.com/photo-1542291026-7eec264c27ff?auto=format&fit=crop&w=800&q=80&item=GEN-01104-wy7z",true
"ffd290df-2129-4dc7-b33a-34dc4e443395","Striped T-Shirt","Generic","Men Apparel","https://images.unsplash.com/photo-1521572267360-ee0c2909d518?auto=format&fit=crop&w=800&q=80&item=GEN-01069-bl5f",true
"feb09192-715c-4f99-a981-00194edbb8df","Graphic Print T-Shirt","Generic","Men Apparel","https://images.unsplash.com/photo-1521572267360-ee0c2909d518?auto=format&fit=crop&w=800&q=80&item=GEN-01067-y6lo",true
"d235300d-b438-474d-a43b-6a5a505fc3db","Plain Cotton T-Shirt","Generic","Men Apparel","https://images.unsplash.com/photo-1521572267360-ee0c2909d518?auto=format&fit=crop&w=800&q=80&item=GEN-01068-qolx",true
"4956e7f6-5d55-4903-8189-11b9f24e5205","Henley T-Shirt","Generic","Men Apparel","https://images.unsplash.com/photo-1521572267360-ee0c2909d518?auto=format&fit=crop&w=800&q=80&item=GEN-01070-2r9p",true
"c4e6a3c0-63fc-4d4c-a2ea-c933f695393b","Oversized Graphic T-Shirt","Generic","Men Apparel","https://images.unsplash.com/photo-1521572267360-ee0c2909d518?auto=format&fit=crop&w=800&q=80&item=GEN-01072-nq0y",true
"de15bb0e-4a6e-43eb-93f2-e05125b5832b","Full Sleeve T-Shirt","Generic","Men Apparel","https://images.unsplash.com/photo-1521572267360-ee0c2909d518?auto=format&fit=crop&w=800&q=80&item=GEN-01073-bmf0",true
"29a6611a-633d-491d-bead-8784fe17fae2","Premium Pique Polo","Generic","Men Apparel","https://images.unsplash.com/photo-1521572267360-ee0c2909d518?auto=format&fit=crop&w=800&q=80&item=GEN-01074-11bf",true
"4c517d2b-79f3-488f-af0a-eaa99b732dfd","Basic Round Neck T-Shirt","Generic","Men Apparel","https://images.unsplash.com/photo-1521572267360-ee0c2909d518?auto=format&fit=crop&w=800&q=80&item=GEN-01075-hrw4",true
"011b0bfe-19f6-42cb-89ea-6811ea314eb7","White Formal Shirt","Generic","Men Apparel","https://images.unsplash.com/photo-1521572267360-ee0c2909d518?auto=format&fit=crop&w=800&q=80&item=GEN-01077-jr5j",true
"c5349c1a-22aa-4d46-9aea-55d2ddd556a2","Oxford Cotton Shirt","Generic","Men Apparel","https://images.unsplash.com/photo-1521572267360-ee0c2909d518?auto=format&fit=crop&w=800&q=80&item=GEN-01076-d6a2",true
"9fed1213-ddeb-43b4-86ab-8f90253ba966","Black Casual Shirt","Generic","Men Apparel","https://images.unsplash.com/photo-1521572267360-ee0c2909d518?auto=format&fit=crop&w=800&q=80&item=GEN-01078-nwka",true
"227bf19c-724c-4db0-ab72-bee63f2d4e2f","LED Table Lamp","Generic","Lighting & Lamps","https://images.unsplash.com/photo-1507473885765-e6ed057f782c?auto=format&fit=crop&w=800&q=80&item=GEN-01160-0sng",true
"214b7ffc-5522-4073-b619-af20f328e781","Modern Floor Lamp","Generic","Lighting & Lamps","https://images.unsplash.com/photo-1507473885765-e6ed057f782c?auto=format&fit=crop&w=800&q=80&item=GEN-01161-y1ai",true
"9b86070e-b38a-49a3-b087-5b468c91ec48","Floral Summer Maxi Dress","Generic","Women Collection","https://images.unsplash.com/photo-1572804013309-59a88b7e92f1?auto=format&fit=crop&w=800&q=80&item=GEN-01080-17sv",true
"7c3bedf4-2b19-48eb-b2df-e3bf05a1381d","Cocktail Evening Dress","Generic","Women Collection","https://images.unsplash.com/photo-1572804013309-59a88b7e92f1?auto=format&fit=crop&w=800&q=80&item=GEN-01081-sn8m",true
"141d7def-40c6-4001-b2c1-4b6556a7ea58","Silk Blouse Top","Generic","Women Collection","https://images.unsplash.com/photo-1572804013309-59a88b7e92f1?auto=format&fit=crop&w=800&q=80&item=GEN-01082-vu28",true
"fa27da4d-cd91-4ca8-8950-4dd7902888b9","Designer Banarasi Saree","Generic","Women Collection","https://images.unsplash.com/photo-1572804013309-59a88b7e92f1?auto=format&fit=crop&w=800&q=80&item=GEN-01083-rv1s",true
"9428fb1f-fb93-469d-b9e3-a3b1f6f118bc","Embroidered Cotton Kurta","Generic","Women Collection","https://images.unsplash.com/photo-1572804013309-59a88b7e92f1?auto=format&fit=crop&w=800&q=80&item=GEN-01084-5ttt",true
"f8458bc5-c523-400b-91be-cf4cc00e6f77","Reebok Floatride","Generic","Running Shoes","https://images.unsplash.com/photo-1542291026-7eec264c27ff?auto=format&fit=crop&w=800&q=80&item=GEN-01105-h6oc",true
"fb1575d5-f0c4-4cf1-9f05-be55d64ff90a","Skechers Go Run","Generic","Running Shoes","https://images.unsplash.com/photo-1542291026-7eec264c27ff?auto=format&fit=crop&w=800&q=80&item=GEN-01107-un2r",true
"fff79a61-59d0-4ba2-a04f-3c9a9685bae9","Anarkali Suit Set","Generic","Women Collection","https://images.unsplash.com/photo-1572804013309-59a88b7e92f1?auto=format&fit=crop&w=800&q=80&item=GEN-01085-n2mp",true
"71aab390-4251-4a02-b76d-6985857785d7","Mizuno Wave Rider","Generic","Running Shoes","https://images.unsplash.com/photo-1542291026-7eec264c27ff?auto=format&fit=crop&w=800&q=80&item=GEN-01106-cic2",true
"9f64a6a8-09bd-42c5-b8b4-a4b1019017e5","Nike Air Force 1","Nike","Running Shoes","https://images.unsplash.com/photo-1542291026-7eec264c27ff?auto=format&fit=crop&w=800&q=80&item=NIK-01108-jsk6",true
"3b3900de-806f-4ad2-b02a-e7395825251d","High-Waisted Denim Jeans","Generic","Women Collection","https://images.unsplash.com/photo-1572804013309-59a88b7e92f1?auto=format&fit=crop&w=800&q=80&item=GEN-01086-7ps3",true
"91049da0-c70b-4e7f-bedb-4c0982232e7b","Table Runner Set","Generic","Home Decor","https://images.unsplash.com/photo-1578500494198-246f612d3b3d?auto=format&fit=crop&w=800&q=80&item=GEN-01125-gmm5",true
"add16d30-28b6-49e9-8d9d-c95518c64e03","Decorative Bookend Set","Generic","Home Decor","https://images.unsplash.com/photo-1578500494198-246f612d3b3d?auto=format&fit=crop&w=800&q=80&item=GEN-01126-2llf",true
"66ee0df8-901d-4387-b031-23ba04b5e812","Pleated A-Line Skirt","Generic","Women Collection","https://images.unsplash.com/photo-1572804013309-59a88b7e92f1?auto=format&fit=crop&w=800&q=80&item=GEN-01087-yv80",true
"46499fa6-54bc-4e78-8da0-e7155d2c43c9","Indoor Plant Stand","Generic","Home Decor","https://images.unsplash.com/photo-1578500494198-246f612d3b3d?auto=format&fit=crop&w=800&q=80&item=GEN-01127-07dp",true
"9f5cab74-99ca-44ce-a2ac-ea8ed11aabad","Non-Stick Frying Pan 24cm","Generic","Cookware","https://images.unsplash.com/photo-1584992236310-6edddc08acff?auto=format&fit=crop&w=800&q=80&item=GEN-01128-q7co",true
"a0fa0734-9896-4e43-a97b-ac55f2d824f2","Recliner Sofa","Generic","Sofas & Beds","https://images.unsplash.com/photo-1555041469-a586c61ea9bc?auto=format&fit=crop&w=800&q=80&item=GEN-01148-lz8l",true
"7bed5813-e038-4154-9e32-396cd1075fab","Sleeper Sofa","Generic","Sofas & Beds","https://images.unsplash.com/photo-1555041469-a586c61ea9bc?auto=format&fit=crop&w=800&q=80&item=GEN-01152-kzud",true
"9e0b5d25-b2ee-4e63-9b83-83e338271873","Minimalist Sofa","Generic","Sofas & Beds","https://images.unsplash.com/photo-1555041469-a586c61ea9bc?auto=format&fit=crop&w=800&q=80&item=GEN-01153-70f4",true
"c3b87f25-91d5-4266-becb-c85827b88608","Ankle-Length Leggings","Generic","Women Collection","https://images.unsplash.com/photo-1572804013309-59a88b7e92f1?auto=format&fit=crop&w=800&q=80&item=GEN-01088-uzqo",true
"3355b1f8-06d4-4bcd-b517-f05b790f6a40","Trench Coat","Generic","Women Collection","https://images.unsplash.com/photo-1572804013309-59a88b7e92f1?auto=format&fit=crop&w=800&q=80&item=GEN-01089-mal7",true
"6f6af1c6-9dc1-4f6d-972c-39e5ba4151bd","Fitted Denim Jacket","Generic","Women Collection","https://images.unsplash.com/photo-1572804013309-59a88b7e92f1?auto=format&fit=crop&w=800&q=80&item=GEN-01090-tpot",true
"11e062d2-94c0-4535-a46d-8f969a619556","Oversized Blazer","Generic","Women Collection","https://images.unsplash.com/photo-1572804013309-59a88b7e92f1?auto=format&fit=crop&w=800&q=80&item=GEN-01091-w0e7",true
"7730c653-850e-47c5-b7db-d585d5f9ee97","Nike Air Zoom Pegasus","ASUS","Running Shoes","https://images.unsplash.com/photo-1542291026-7eec264c27ff?auto=format&fit=crop&w=800&q=80&item=ASU-01096-f6lh",true
"e28a1bdb-4855-4f38-b05c-fde3c2ca6b9a","Crystal Earrings","Generic","Women Collection","https://images.unsplash.com/photo-1572804013309-59a88b7e92f1?auto=format&fit=crop&w=800&q=80&item=GEN-01095-v84d",true
"2494b10a-334f-4f55-bf50-715ec41c53b9","Adidas Ultraboost","Adidas","Running Shoes","https://images.unsplash.com/photo-1542291026-7eec264c27ff?auto=format&fit=crop&w=800&q=80&item=ADI-01097-ibz4",true
"49e2106a-837c-4440-9206-d99b09a02ea9","Structured Leather Handbag","Generic","Women Collection","https://images.unsplash.com/photo-1572804013309-59a88b7e92f1?auto=format&fit=crop&w=800&q=80&item=GEN-01092-29nq",true
"54fd4ed8-f406-4c6a-8e74-ac0bad100f0f","Evening Clutch","Generic","Women Collection","https://images.unsplash.com/photo-1572804013309-59a88b7e92f1?auto=format&fit=crop&w=800&q=80&item=GEN-01093-u6fw",true
"d75fb39e-6299-41fa-bb8b-fea0e86891b2","ASICS Gel-Kayano","Generic","Running Shoes","https://images.unsplash.com/photo-1542291026-7eec264c27ff?auto=format&fit=crop&w=800&q=80&item=GEN-01098-ie0n",true
"f3d1feea-43f7-40f8-873c-6feca29538c3","Gold Plated Necklace Set","Generic","Women Collection","https://images.unsplash.com/photo-1572804013309-59a88b7e92f1?auto=format&fit=crop&w=800&q=80&item=GEN-01094-j97m",true
"ede32f16-128a-461c-8642-3ad56c2ea7a3","Cast Iron Skillet","Generic","Cookware","https://images.unsplash.com/photo-1584992236310-6edddc08acff?auto=format&fit=crop&w=800&q=80&item=GEN-01130-y512",true
"795528b5-8c15-4879-8ac9-5375ecca43c1","Pressure Cooker 5L","Generic","Cookware","https://images.unsplash.com/photo-1584992236310-6edddc08acff?auto=format&fit=crop&w=800&q=80&item=GEN-01131-exfd",true
"b348022e-2460-4308-b229-64180787cd45","Kitchen Knife Set","Generic","Cookware","https://images.unsplash.com/photo-1584992236310-6edddc08acff?auto=format&fit=crop&w=800&q=80&item=GEN-01132-tnle",true
"5a0055c6-f366-4956-86f0-193390a98c90","Adidas Stan Smith","Adidas","Running Shoes","https://images.unsplash.com/photo-1542291026-7eec264c27ff?auto=format&fit=crop&w=800&q=80&item=ADI-01109-3b6p",true
"712ac326-5841-4349-b945-c01032b5eb66","Adidas Superstar","Adidas","Running Shoes","https://images.unsplash.com/photo-1542291026-7eec264c27ff?auto=format&fit=crop&w=800&q=80&item=ADI-01110-ounu",true
"3b7d5bbe-9dc9-43b3-ba23-f5cb2f5e3c91","Induction Base Kadhai","Generic","Cookware","https://images.unsplash.com/photo-1584992236310-6edddc08acff?auto=format&fit=crop&w=800&q=80&item=GEN-01133-zq0m",true
"5100fa1f-90e7-4a59-b7aa-99a5991f13e4","Converse Chuck Taylor","Generic","Running Shoes","https://images.unsplash.com/photo-1542291026-7eec264c27ff?auto=format&fit=crop&w=800&q=80&item=GEN-01111-hgvx",true
"a728793e-c99f-4df2-93d9-f782599ae0da","Ceramic Vase Set","Generic","Home Decor","https://images.unsplash.com/photo-1578500494198-246f612d3b3d?auto=format&fit=crop&w=800&q=80&item=GEN-01112-nv4p",true
"76a1446c-7cf1-4aae-a216-defa6c209104","Wall Art Canvas Print","Generic","Home Decor","https://images.unsplash.com/photo-1578500494198-246f612d3b3d?auto=format&fit=crop&w=800&q=80&item=GEN-01113-u4xi",true
"b78302d4-90a1-4997-bb10-8bea0aaaddb5","Wok Pan 30cm","Generic","Cookware","https://images.unsplash.com/photo-1584992236310-6edddc08acff?auto=format&fit=crop&w=800&q=80&item=GEN-01134-17cw",true
"c8f42be6-7dd0-4ba9-b130-02e3f4af4852","Scented Candle Trio","Generic","Home Decor","https://images.unsplash.com/photo-1578500494198-246f612d3b3d?auto=format&fit=crop&w=800&q=80&item=GEN-01114-xzoh",true
"49569aff-266b-418c-b017-7f77baf705aa","Artificial Bonsai Plant","Generic","Home Decor","https://images.unsplash.com/photo-1578500494198-246f612d3b3d?auto=format&fit=crop&w=800&q=80&item=GEN-01115-lts6",true
"e5d59680-192e-402c-aae8-5f91cbdc4df6","Sauce Pan Set","Generic","Cookware","https://images.unsplash.com/photo-1584992236310-6edddc08acff?auto=format&fit=crop&w=800&q=80&item=GEN-01135-z8fx",true
"d14a7bc3-6e08-4d11-a676-9f8406fbfb27","Steamer Basket","Generic","Cookware","https://images.unsplash.com/photo-1584992236310-6edddc08acff?auto=format&fit=crop&w=800&q=80&item=GEN-01136-juqb",true
"da7db3e5-fcd8-4413-95b4-bb34c4d8deee","Bakeware Muffin Tray","Generic","Cookware","https://images.unsplash.com/photo-1584992236310-6edddc08acff?auto=format&fit=crop&w=800&q=80&item=GEN-01137-074k",true
"338b58ef-a802-4293-9789-93da8f4fb346","Mixing Bowl Set","Generic","Cookware","https://images.unsplash.com/photo-1584992236310-6edddc08acff?auto=format&fit=crop&w=800&q=80&item=GEN-01138-idco",true
"b3144fb7-ffc4-45cd-8320-4355375c111d","Silicone Spatula Set","Generic","Cookware","https://images.unsplash.com/photo-1584992236310-6edddc08acff?auto=format&fit=crop&w=800&q=80&item=GEN-01139-93t8",true
"d7e149c3-275d-4e1d-bbcb-09e544f76b88","Decorative Wall Clock","Generic","Home Decor","https://images.unsplash.com/photo-1578500494198-246f612d3b3d?auto=format&fit=crop&w=800&q=80&item=GEN-01116-7nem",true
"7345cf29-b4e5-4805-97f8-42a1a0a4e0ad","Faux Fur Throw Blanket","Generic","Home Decor","https://images.unsplash.com/photo-1578500494198-246f612d3b3d?auto=format&fit=crop&w=800&q=80&item=GEN-01118-ejgg",true
"a80e2394-6a48-40d1-9570-aebdf129f2bf","Boho Area Rug","Generic","Home Decor","https://images.unsplash.com/photo-1578500494198-246f612d3b3d?auto=format&fit=crop&w=800&q=80&item=GEN-01117-b8z4",true
"7828f68c-65da-4c68-a3c7-d9bd971bb8ba","Decorative Throw Pillow Set","Generic","Home Decor","https://images.unsplash.com/photo-1578500494198-246f612d3b3d?auto=format&fit=crop&w=800&q=80&item=GEN-01119-sr2u",true
"ed7324f3-2be8-442a-bc63-4f17dbc0abeb","Oversized Wall Mirror","Generic","Home Decor","https://images.unsplash.com/photo-1578500494198-246f612d3b3d?auto=format&fit=crop&w=800&q=80&item=GEN-01120-t28c",true
"60d3c17c-30d1-40bd-a63e-4b6e366761f8","Wall Photo Collage Frames","Generic","Home Decor","https://images.unsplash.com/photo-1578500494198-246f612d3b3d?auto=format&fit=crop&w=800&q=80&item=GEN-01121-0x1b",true
"c5fba101-c59a-44ad-a9d6-0b21a2cf89a2","Cushion Cover Set","Generic","Home Decor","https://images.unsplash.com/photo-1578500494198-246f612d3b3d?auto=format&fit=crop&w=800&q=80&item=GEN-01122-s1lo",true
"33521385-ba27-4bbd-9493-b1f91b0a6353","Marble Centerpiece Bowl","Generic","Home Decor","https://images.unsplash.com/photo-1578500494198-246f612d3b3d?auto=format&fit=crop&w=800&q=80&item=GEN-01123-i4zi",true
"649d7f97-3f17-4b87-8a62-04823fc9dfb3","Wall Hanging Tapestry","Generic","Home Decor","https://images.unsplash.com/photo-1578500494198-246f612d3b3d?auto=format&fit=crop&w=800&q=80&item=GEN-01124-2v0o",true
"0381a090-59f0-4ef4-930f-ed633d5ab7d9","Stainless Steel Cookware Set","Generic","Cookware","https://images.unsplash.com/photo-1584992236310-6edddc08acff?auto=format&fit=crop&w=800&q=80&item=GEN-01129-4a9a",true
"86012fc8-3ee9-40e5-9050-1e7400e1c6fb","Glass Food Containers Set","Generic","Cookware","https://images.unsplash.com/photo-1584992236310-6edddc08acff?auto=format&fit=crop&w=800&q=80&item=GEN-01142-69sp",true
"fd55323e-a656-421c-9dcc-874f5715180d","Spice Box Set","Generic","Cookware","https://images.unsplash.com/photo-1584992236310-6edddc08acff?auto=format&fit=crop&w=800&q=80&item=GEN-01143-vyiv",true
"e6af2761-b78d-464c-ab93-3858e905ef0c","Modern 3-Seater Sofa","Generic","Sofas & Beds","https://images.unsplash.com/photo-1555041469-a586c61ea9bc?auto=format&fit=crop&w=800&q=80&item=GEN-01144-9tlq",true
"a233b857-8065-4223-88a3-3a9ed3177006","L-Shaped Sectional Sofa","Generic","Sofas & Beds","https://images.unsplash.com/photo-1555041469-a586c61ea9bc?auto=format&fit=crop&w=800&q=80&item=GEN-01145-9ioo",true
"aa599c38-957c-4866-ad5e-2d0fb1b86fcd","Chesterfield Sofa","Generic","Sofas & Beds","https://images.unsplash.com/photo-1555041469-a586c61ea9bc?auto=format&fit=crop&w=800&q=80&item=GEN-01149-g4yn",true
"03ff23bd-aae7-45d4-94c2-b6cecbc9de87","Modular Sofa","Generic","Sofas & Beds","https://images.unsplash.com/photo-1555041469-a586c61ea9bc?auto=format&fit=crop&w=800&q=80&item=GEN-01150-x6i0",true
"22d6ec60-4170-4a42-9f8a-c11016f90454","Loveseat Sofa","Generic","Sofas & Beds","https://images.unsplash.com/photo-1555041469-a586c61ea9bc?auto=format&fit=crop&w=800&q=80&item=GEN-01151-0rs5",true
"d77224eb-39c5-4b18-bc8d-f412cc24c15e","Boucle Sofa","Generic","Sofas & Beds","https://images.unsplash.com/photo-1555041469-a586c61ea9bc?auto=format&fit=crop&w=800&q=80&item=GEN-01155-jx7a",true
"1e7ae53c-3178-4566-8d57-71ad29e548d1","U-Shaped Sectional Sofa","Generic","Sofas & Beds","https://images.unsplash.com/photo-1555041469-a586c61ea9bc?auto=format&fit=crop&w=800&q=80&item=GEN-01154-gast",true
"6a6da484-a358-4194-9cc7-26359f34a0c7","King Size Platform Bed","Generic","Sofas & Beds","https://images.unsplash.com/photo-1555041469-a586c61ea9bc?auto=format&fit=crop&w=800&q=80&item=GEN-01156-0c8o",true
"74d0baed-3af4-4ef9-aa67-cef2f6732f7f","Queen Size Upholstered Bed","Generic","Sofas & Beds","https://images.unsplash.com/photo-1555041469-a586c61ea9bc?auto=format&fit=crop&w=800&q=80&item=GEN-01157-e1wt",true
"165d3b0c-23a1-4d57-bafb-1a7830b23384","Brass Pendant Light","Generic","Lighting & Lamps","https://images.unsplash.com/photo-1507473885765-e6ed057f782c?auto=format&fit=crop&w=800&q=80&item=GEN-01162-9d8e",true
"9580e8cb-0130-47a8-afd9-30e2932ceb86","Crystal Chandelier","Generic","Lighting & Lamps","https://images.unsplash.com/photo-1507473885765-e6ed057f782c?auto=format&fit=crop&w=800&q=80&item=GEN-01163-k54r",true
"b82a5b23-ec6a-4f68-842c-124d089bafd8","Smart RGB Bulb Set","Generic","Lighting & Lamps","https://images.unsplash.com/photo-1507473885765-e6ed057f782c?auto=format&fit=crop&w=800&q=80&item=GEN-01164-l9if",true
"29c98712-0e12-41ef-9234-ba5c80550357","Neon Sign Light","Generic","Lighting & Lamps","https://images.unsplash.com/photo-1507473885765-e6ed057f782c?auto=format&fit=crop&w=800&q=80&item=GEN-01168-on7r",true
"b3420901-7b96-4b89-bb2f-7a4687b4a909","Ceiling Pendant Set","Generic","Lighting & Lamps","https://images.unsplash.com/photo-1507473885765-e6ed057f782c?auto=format&fit=crop&w=800&q=80&item=GEN-01171-8cac",true
"aacd3248-9f10-4b54-b56e-ab6845d92b44","Tripod Floor Lamp","Generic","Lighting & Lamps","https://images.unsplash.com/photo-1507473885765-e6ed057f782c?auto=format&fit=crop&w=800&q=80&item=GEN-01170-9w31",true
"53903b38-29b8-441f-b814-07f90346e065","Himalayan Salt Lamp","Generic","Lighting & Lamps","https://images.unsplash.com/photo-1507473885765-e6ed057f782c?auto=format&fit=crop&w=800&q=80&item=GEN-01169-jmd4",true
"66387a19-e267-4572-ad04-27c61024b749","Dimmable Bulb Pack","Generic","Lighting & Lamps","https://images.unsplash.com/photo-1507473885765-e6ed057f782c?auto=format&fit=crop&w=800&q=80&item=GEN-01172-h99t",true
"d57e3f26-3827-47f5-b5ed-c79b562a8fcf","Push Up Board","Generic","Fitness & Gym","https://images.unsplash.com/photo-1534438327276-14e5300c3a48?auto=format&fit=crop&w=800&q=80&item=GEN-01206-cys2",true
"848bf6f1-0e06-4926-9b6a-c4e3d99de622","Speed Jump Rope","Generic","Fitness & Gym","https://images.unsplash.com/photo-1534438327276-14e5300c3a48?auto=format&fit=crop&w=800&q=80&item=GEN-01207-4gfv",true
"ee765778-7f6b-4a18-ac3d-aa88f7695e28","Task Desk Lamp","Generic","Lighting & Lamps","https://images.unsplash.com/photo-1507473885765-e6ed057f782c?auto=format&fit=crop&w=800&q=80&item=GEN-01165-oge5",true
"a02c4f37-72f6-4215-b937-d7ebc189bc27","Wall Sconce Pair","Generic","Lighting & Lamps","https://images.unsplash.com/photo-1507473885765-e6ed057f782c?auto=format&fit=crop&w=800&q=80&item=GEN-01166-90os",true
"d0cb32b4-28f2-4e68-ac50-374279eb7a44","Fairy String Lights","Generic","Lighting & Lamps","https://images.unsplash.com/photo-1507473885765-e6ed057f782c?auto=format&fit=crop&w=800&q=80&item=GEN-01167-z7bc",true
"51b8f0f5-feb5-42be-9bee-b61fa4f9e470","Rubik's Cube","Generic","Toys & Games","https://images.unsplash.com/photo-1587654780291-39c9404d746b?auto=format&fit=crop&w=800&q=80&item=GEN-01212-jzn1",true
"858a2ee1-51e4-46a5-8aba-e641f8a4308c","Board Game Monopoly","Generic","Toys & Games","https://images.unsplash.com/photo-1587654780291-39c9404d746b?auto=format&fit=crop&w=800&q=80&item=GEN-01213-p6ls",true
"20432d0d-0fb8-4b4f-aeca-da56d3b3d1ce","Bamboo Pendant Lamp","Generic","Lighting & Lamps","https://images.unsplash.com/photo-1507473885765-e6ed057f782c?auto=format&fit=crop&w=800&q=80&item=GEN-01173-owtj",true
"ccf6920f-cb54-4c1d-b944-d53cadcfc981","Bedside Reading Lamp","Generic","Lighting & Lamps","https://images.unsplash.com/photo-1507473885765-e6ed057f782c?auto=format&fit=crop&w=800&q=80&item=GEN-01174-x2ky",true
"3a9df658-3ab5-4765-b000-40c66e0295b1","Aloe Vera Face Wash","Generic","Beauty & Skincare","https://images.unsplash.com/photo-1586495777744-4413f21062fa?auto=format&fit=crop&w=800&q=80&item=GEN-01182-xaxr",true
"a1e8ef1b-fcfd-48c5-8d0c-6e25b4259eb1","Vintage Edison Bulb Set","Generic","Lighting & Lamps","https://images.unsplash.com/photo-1507473885765-e6ed057f782c?auto=format&fit=crop&w=800&q=80&item=GEN-01175-9r29",true
"227464b9-7fc4-4c33-b57b-cfce9493c647","Matte Liquid Lipstick","Generic","Beauty & Skincare","https://images.unsplash.com/photo-1586495777744-4413f21062fa?auto=format&fit=crop&w=800&q=80&item=GEN-01176-e7v1",true
"db960ae8-bf75-4b32-b6bd-ea678aae6065","Vitamin C Serum 30ml","Generic","Beauty & Skincare","https://images.unsplash.com/photo-1586495777744-4413f21062fa?auto=format&fit=crop&w=800&q=80&item=GEN-01177-74q2",true
"81da6fd1-7b64-48f9-85b8-93ecfde7d8dc","Niacinamide Serum 30ml","Generic","Beauty & Skincare","https://images.unsplash.com/photo-1586495777744-4413f21062fa?auto=format&fit=crop&w=800&q=80&item=GEN-01178-ideu",true
"95522e6f-d3fd-4b4e-aa3a-d8d5d84cc5a5","Hydrating Shampoo 500ml","Generic","Beauty & Skincare","https://images.unsplash.com/photo-1586495777744-4413f21062fa?auto=format&fit=crop&w=800&q=80&item=GEN-01179-cok8",true
"71563243-9622-48b5-83f0-6ce252ac904f","Volumizing Conditioner","Generic","Beauty & Skincare","https://images.unsplash.com/photo-1586495777744-4413f21062fa?auto=format&fit=crop&w=800&q=80&item=GEN-01180-etvv",true
"d043cd92-0a62-4eff-a624-0023da3a4cf5","Eau de Parfum 100ml Spray","Generic","Beauty & Skincare","https://images.unsplash.com/photo-1586495777744-4413f21062fa?auto=format&fit=crop&w=800&q=80&item=GEN-01181-54n7",true
"968128f3-339e-45a8-bccc-8efaafdac95f","Adjustable Dumbbell Set","Generic","Fitness & Gym","https://images.unsplash.com/photo-1534438327276-14e5300c3a48?auto=format&fit=crop&w=800&q=80&item=GEN-01195-mzmj",true
"4a32c859-08a3-4258-9176-7ececab8bf50","Anti-Burst Yoga Mat","Generic","Fitness & Gym","https://images.unsplash.com/photo-1534438327276-14e5300c3a48?auto=format&fit=crop&w=800&q=80&item=GEN-01194-r9in",true
"2ff256bd-ead9-4fe8-ae86-2ab3f1d02d91","Whey Protein Isolate","Generic","Fitness & Gym","https://images.unsplash.com/photo-1534438327276-14e5300c3a48?auto=format&fit=crop&w=800&q=80&item=GEN-01196-wkeb",true
"b78b8388-eb86-4c24-8f3e-9c6b8faddf56","Broad Spectrum Sunscreen SPF50","Generic","Beauty & Skincare","https://images.unsplash.com/photo-1586495777744-4413f21062fa?auto=format&fit=crop&w=800&q=80&item=GEN-01183-m97u",true
"ca8a73d5-1a68-480a-a91f-05473a03f6e0","Hair Dryer 2000W","Generic","Beauty & Skincare","https://images.unsplash.com/photo-1586495777744-4413f21062fa?auto=format&fit=crop&w=800&q=80&item=GEN-01184-01gi",true
"3e97762a-e73e-4046-b68e-0b4214ce41e8","Hydrating Face Toner","Generic","Beauty & Skincare","https://images.unsplash.com/photo-1586495777744-4413f21062fa?auto=format&fit=crop&w=800&q=80&item=GEN-01185-ojal",true
"7c95f225-0cd5-4265-aee2-5c019c7f8076","Charcoal Face Mask","Generic","Beauty & Skincare","https://images.unsplash.com/photo-1586495777744-4413f21062fa?auto=format&fit=crop&w=800&q=80&item=GEN-01186-a6os",true
"206206a7-825b-4bbd-8ebe-04965edc8c0b","Hyaluronic Acid Cream","Generic","Beauty & Skincare","https://images.unsplash.com/photo-1586495777744-4413f21062fa?auto=format&fit=crop&w=800&q=80&item=GEN-01187-5u9m",true
"d17830cd-26c1-4398-b40d-3857f20b256e","Resistance Bands Set","Generic","Fitness & Gym","https://images.unsplash.com/photo-1534438327276-14e5300c3a48?auto=format&fit=crop&w=800&q=80&item=GEN-01199-acze",true
"b11f961b-18cd-4a40-a141-adddd6d0644f","Skipping Rope","Generic","Fitness & Gym","https://images.unsplash.com/photo-1534438327276-14e5300c3a48?auto=format&fit=crop&w=800&q=80&item=GEN-01197-4fp7",true
"4e0665cd-0691-4cc5-bffb-86cb933b35b8","Protein Shaker Bottle","Generic","Fitness & Gym","https://images.unsplash.com/photo-1534438327276-14e5300c3a48?auto=format&fit=crop&w=800&q=80&item=GEN-01198-fq4a",true
"9c3021b4-264d-409d-86d5-cd74b05f45b2","Sports Water Bottle","Generic","Fitness & Gym","https://images.unsplash.com/photo-1534438327276-14e5300c3a48?auto=format&fit=crop&w=800&q=80&item=GEN-01200-cjsz",true
"d146c373-eed4-4d85-a15d-7917619239ef","Kettlebell 12kg","Generic","Fitness & Gym","https://images.unsplash.com/photo-1534438327276-14e5300c3a48?auto=format&fit=crop&w=800&q=80&item=GEN-01201-lyug",true
"bf36e5b4-4509-4046-8c47-af118b65980b","Exercise Bench","Generic","Fitness & Gym","https://images.unsplash.com/photo-1534438327276-14e5300c3a48?auto=format&fit=crop&w=800&q=80&item=GEN-01202-djzm",true
"44e09106-dcd2-4fdc-b53c-ba5ce7216744","Foam Roller","Generic","Fitness & Gym","https://images.unsplash.com/photo-1534438327276-14e5300c3a48?auto=format&fit=crop&w=800&q=80&item=GEN-01203-cci1",true
"3613d3a3-31e3-437c-ba2f-47f18e7934c6","Pull Up Bar","Generic","Fitness & Gym","https://images.unsplash.com/photo-1534438327276-14e5300c3a48?auto=format&fit=crop&w=800&q=80&item=GEN-01204-1k3i",true
"51778848-ca96-4507-820e-6828f8a5cf66","Puzzle 1000 Pieces","Generic","Toys & Games","https://images.unsplash.com/photo-1587654780291-39c9404d746b?auto=format&fit=crop&w=800&q=80&item=GEN-01215-a7lk",true
"4ff042e3-d065-40f5-a440-2e4d3d26b0ed","Wooden Chess Set","Generic","Toys & Games","https://images.unsplash.com/photo-1587654780291-39c9404d746b?auto=format&fit=crop&w=800&q=80&item=GEN-01214-lu6i",true
"54f8405e-f008-4198-8c26-d043be3c9a32","Matte Finish Foundation","Generic","Beauty & Skincare","https://images.unsplash.com/photo-1586495777744-4413f21062fa?auto=format&fit=crop&w=800&q=80&item=GEN-01188-60b9",true
"3d7b7aa9-c3ef-47f6-9ab9-481ec69dc304","Toy Train Set","Generic","Toys & Games","https://images.unsplash.com/photo-1587654780291-39c9404d746b?auto=format&fit=crop&w=800&q=80&item=GEN-01216-kb7p",true
"d749316b-c60c-4d06-95b4-8e0aed06c442","Long Lasting Eyeliner","Generic","Beauty & Skincare","https://images.unsplash.com/photo-1586495777744-4413f21062fa?auto=format&fit=crop&w=800&q=80&item=GEN-01189-mii5",true
"22a728c8-e944-4476-b5d5-3ebc8891ee8b","Rose Water Toner","Generic","Beauty & Skincare","https://images.unsplash.com/photo-1586495777744-4413f21062fa?auto=format&fit=crop&w=800&q=80&item=GEN-01190-516e",true
"99d6b7ca-dda9-478b-a24f-7a1349918f04","Shea Butter Body Lotion","Generic","Beauty & Skincare","https://images.unsplash.com/photo-1586495777744-4413f21062fa?auto=format&fit=crop&w=800&q=80&item=GEN-01191-vyxt",true
"723444cf-0689-43e3-8817-31988412af51","English Willow Cricket Bat","Generic","Fitness & Gym","https://images.unsplash.com/photo-1531415074968-036ba1b575da?auto=format&fit=crop&w=800&q=80&item=GEN-01192-z1uw",true
"e2697edd-e6b0-45ca-9469-43a0a5b614a3","Doll House","Generic","Toys & Games","https://images.unsplash.com/photo-1587654780291-39c9404d746b?auto=format&fit=crop&w=800&q=80&item=GEN-01222-c2l4",true
"4621259d-d8f1-427e-8e83-e731c0de512d","Lego Style Block Set","Generic","Toys & Games","https://images.unsplash.com/photo-1587654780291-39c9404d746b?auto=format&fit=crop&w=800&q=80&item=GEN-01223-cras",true
"1524a87a-d71b-43d6-ba9f-ae11338d2da6","Official Size 5 Football","Generic","Fitness & Gym","https://images.unsplash.com/photo-1534438327276-14e5300c3a48?auto=format&fit=crop&w=800&q=80&item=GEN-01193-gker",true
"d0140b88-5129-4706-adf9-4dccb12e9581","Grip Strengthener","Generic","Fitness & Gym","https://images.unsplash.com/photo-1534438327276-14e5300c3a48?auto=format&fit=crop&w=800&q=80&item=GEN-01205-0yoy",true
"719ca74e-dfb7-410e-b619-dcd701c32c55","Educational Building Block Set","Generic","Toys & Games","https://images.unsplash.com/photo-1587654780291-39c9404d746b?auto=format&fit=crop&w=800&q=80&item=GEN-01208-g2dv",true
"0641afa0-b1f5-4d52-949b-4df4a0bae95a","Remote Control Car","Generic","Toys & Games","https://images.unsplash.com/photo-1587654780291-39c9404d746b?auto=format&fit=crop&w=800&q=80&item=GEN-01209-we4c",true
"892a17e1-efd2-4e4e-afb9-b2abfcdb057d","Mini Drone","Generic","Toys & Games","https://images.unsplash.com/photo-1587654780291-39c9404d746b?auto=format&fit=crop&w=800&q=80&item=GEN-01210-ob40",true
"4617279e-2250-4350-b7fd-f60c6b17c332","Plush Teddy Bear","Generic","Toys & Games","https://images.unsplash.com/photo-1587654780291-39c9404d746b?auto=format&fit=crop&w=800&q=80&item=GEN-01211-11wc",true
"2afcd6e5-707c-4f7b-9652-07ce2c9886c1","Water Gun Blaster","Generic","Toys & Games","https://images.unsplash.com/photo-1587654780291-39c9404d746b?auto=format&fit=crop&w=800&q=80&item=GEN-01217-fkd6",true
"50013fde-38aa-4705-90ed-ae1a4e70c8ee","Action Figure Set","Generic","Toys & Games","https://images.unsplash.com/photo-1587654780291-39c9404d746b?auto=format&fit=crop&w=800&q=80&item=GEN-01218-lx8v",true
"9f743269-d208-4671-9de7-83d7a91a8517","Pet Grooming Brush","Generic","Pet Supplies","https://images.unsplash.com/photo-1583511655857-d19b40a7a54e?auto=format&fit=crop&w=800&q=80&item=GEN-01228-ptlr",true
"0913524d-5617-4a6b-b6cc-62da9cefe0d6","Large Dog Bed","Generic","Pet Supplies","https://images.unsplash.com/photo-1583511655857-d19b40a7a54e?auto=format&fit=crop&w=800&q=80&item=GEN-01229-wer6",true
"c49622da-b911-430f-ada0-e74923db5e52","Cat Tree Tower","Generic","Pet Supplies","https://images.unsplash.com/photo-1583511655857-d19b40a7a54e?auto=format&fit=crop&w=800&q=80&item=GEN-01230-78om",true
"59282e6d-914b-4dcd-b4ed-fa9d91f774e3","Pet Water Fountain","Generic","Pet Supplies","https://images.unsplash.com/photo-1583511655857-d19b40a7a54e?auto=format&fit=crop&w=800&q=80&item=GEN-01231-m0jo",true
"c55df4c2-b575-4602-88c3-9767a46ddb2b","Stuffed Animal Set","Generic","Toys & Games","https://images.unsplash.com/photo-1587654780291-39c9404d746b?auto=format&fit=crop&w=800&q=80&item=GEN-01219-nszp",true
"561c522f-109c-469d-b578-01325ce20b99","Card Game Uno","Generic","Toys & Games","https://images.unsplash.com/photo-1587654780291-39c9404d746b?auto=format&fit=crop&w=800&q=80&item=GEN-01220-x9h5",true
"7a94fe03-6c17-49f5-a686-f4abf611a782","Balance Bike","Generic","Toys & Games","https://images.unsplash.com/photo-1587654780291-39c9404d746b?auto=format&fit=crop&w=800&q=80&item=GEN-01221-0ll9",true
"4ae340e9-dc44-4139-a407-774fe0c1872a","Dry Dog Food 5kg","Generic","Pet Supplies","https://images.unsplash.com/photo-1589924691995-400dc9ecc119?auto=format&fit=crop&w=800&q=80&item=GEN-01224-sch8",true
"93e25bf2-68e0-4160-9ea7-f4932dafb35d","Dog Leash & Collar Set","Generic","Pet Supplies","https://images.unsplash.com/photo-1583511655857-d19b40a7a54e?auto=format&fit=crop&w=800&q=80&item=GEN-01226-p8ho",true
"eb81b34f-b017-4d38-9841-b0ac78322f02","Cat Food 2kg","Generic","Pet Supplies","https://images.unsplash.com/photo-1583511655857-d19b40a7a54e?auto=format&fit=crop&w=800&q=80&item=GEN-01225-w2vq",true
"c155626f-a2bc-4bd0-8203-bbd1197129e8","Cat Litter 10L","Generic","Pet Supplies","https://images.unsplash.com/photo-1583511655857-d19b40a7a54e?auto=format&fit=crop&w=800&q=80&item=GEN-01227-b83b",true
"9a83b0cf-0cb5-4a3f-93fd-613bc53c26b0","Dog Chew Toys","Generic","Pet Supplies","https://images.unsplash.com/photo-1583511655857-d19b40a7a54e?auto=format&fit=crop&w=800&q=80&item=GEN-01232-zq7d",true
"dc182d2c-94b2-4c43-b98d-727f6c171d2a","Cat Toy Feather Wand","Generic","Pet Supplies","https://images.unsplash.com/photo-1583511655857-d19b40a7a54e?auto=format&fit=crop&w=800&q=80&item=GEN-01233-qff2",true
"1afeb5e6-98ee-4a99-9b08-d66be7356e39","Pet Food Bowls","Generic","Pet Supplies","https://images.unsplash.com/photo-1583511655857-d19b40a7a54e?auto=format&fit=crop&w=800&q=80&item=GEN-01234-lqmg",true
"93cca399-1e3a-48be-baae-37bb35cfdf44","Dog Treats Pack","Generic","Pet Supplies","https://images.unsplash.com/photo-1583511655857-d19b40a7a54e?auto=format&fit=crop&w=800&q=80&item=GEN-01235-1eso",true
"c1d8a1b0-b60b-48e7-9b17-abd97449dff2","Pet Carrier Bag","Generic","Pet Supplies","https://images.unsplash.com/photo-1583511655857-d19b40a7a54e?auto=format&fit=crop&w=800&q=80&item=GEN-01236-xzcl",true
"fcc73707-85f4-4765-a370-98773047e1a7","Pet Harness","Generic","Pet Supplies","https://images.unsplash.com/photo-1583511655857-d19b40a7a54e?auto=format&fit=crop&w=800&q=80&item=GEN-01237-r3re",true
"e406984a-ead5-4b7e-a9bf-dfab75ba591d","Dog Shampoo","Generic","Pet Supplies","https://images.unsplash.com/photo-1583511655857-d19b40a7a54e?auto=format&fit=crop&w=800&q=80&item=GEN-01238-x99l",true
"17429212-a4bf-42fb-a0d7-2df1cd190bfa","Interactive Treat Puzzle","Generic","Pet Supplies","https://images.unsplash.com/photo-1583511655857-d19b40a7a54e?auto=format&fit=crop&w=800&q=80&item=GEN-01239-5cpg",true